,0,1
0,1,"['1 c.', 'firmly packed brown sugar,.5 c.', 'evaporated milk,.5 tsp.', 'vanilla,.5 c.', 'broken nuts (pecans)']"
1,1,"['2 tbsp.', 'butter or margarine']"
2,1,"['3.5 c.', 'bite size shredded rice biscuits']"
3,3,"['32 oz.', 'pkg.', 'frozen corn']"
4,3,"['8 oz.', 'pkg.', 'cream cheese']"
5,3,"['1/3 c.', 'butter']"
6,3,"['1/4 tsp.', 'pepper']"
7,4,"['21 oz.', 'cans chicken gravy']"
8,4,"['4 oz.', 'shredded cheese']"
9,5,"['1 c.', 'peanut butter,.75 c.', 'graham cracker crumbs']"
10,5,"['1 c.', 'melted butter']"
11,5,"['1 lb', '(3.5 c.) powdered sugar']"
12,5,"['1 large pkg.', 'chocolate chips']"
13,6,"['1 lb', 'of extra lean ground beef,.667 c.', 'butter or margarine']"
14,6,"['6 c.', 'milk,.75 tsp.', 'salt,.5 tsp.', 'pepper']"
15,6,"['8 oz.', 'carton sour cream (optional)']"
16,7,"['1.5 c.', 'sugar,.5 c.', 'butter']"
17,7,"['1 c.', 'buttermilk']"
18,7,"['2 c.', 'flour,.5 tsp.', 'salt']"
19,7,"['1 tsp.', 'soda']"
20,7,"['1 c.', 'buttermilk']"
21,7,"['2 c.', 'rhubarb']"
22,7,"['1 tsp.', 'vanilla']"
23,8,"['1 can whole kernel corn,.5 pkg.', '(approximately 20) saltine crackers']"
24,8,"['6 tsp.', 'butter']"
25,9,"['1.5 lb', 'round steak (1-inch thick)']"
26,9,"['1.75 c.', 'water,.5 c.', 'onions']"
27,9,"['1.5 tbsp.', 'Worcestershire sauce']"
28,10,"['1 c.', 'pecans']"
29,11,"['7 oz.', 'can dark sweet pitted cherries,.5 c.', 'ginger ale']"
30,11,"['1 (6 oz.) pkg.', 'Jell-O cherry flavor gelatin']"
31,11,"['2 c.', 'boiling water']"
32,11,"['1/8 tsp.', 'almond extract']"
33,11,"['1 c.', 'miniature marshmallows']"
34,12,"['8 oz.', 'soft butter']"
35,12,"['8 oz.', 'peanut butter']"
36,12,"['12 oz.', 'chocolate chips']"
37,14,"['8 oz.', 'Ortega taco sauce']"
38,14,"['8 oz.', 'sour cream']"
39,14,"['8 oz.', 'cream cheese']"
40,14,"['1 lb', 'ground beef']"
41,14,"['1 pkg.', 'taco seasoning']"
42,15,"['8 oz.', 'container thawed whipped topping']"
43,15,"['2 tbsp.', 'lemon juice']"
44,16,"['1 qt.', 'cleaned strawberries']"
45,16,"['1.5 c.', 'water']"
46,16,"['4 tbsp.', 'cornstarch']"
47,16,"['1 c.', 'sugar']"
48,16,"['1/8 tsp.', 'salt']"
49,16,"['4 tbsp.', 'strawberry jello']"
50,17,"['1/4 c.', 'Wesson oil']"
51,18,"['1 c.', 'mayonnaise']"
52,18,"['2 tbsp.', 'vinegar']"
53,19,"['1 lb', 'frozen strawberries in juice']"
54,19,"['1 c.', 'chopped pecans']"
55,19,"['1 large pkg.', 'strawberry Jell-O']"
56,19,"['1.5 c.', 'boiling water']"
57,19,"['1 pt.', 'sour cream']"
58,20,"['1.5 c.', 'applesauce']"
59,20,"['3 level tsp.', 'soda']"
60,20,"['1 tsp.', 'each: cinnamon']"
61,20,"['2 c.', 'sifted flour']"
62,20,"['1 c.', 'raisins']"
63,20,"['1 c.', 'nuts']"
64,21,"['1 c.', 'sugar,.5 c.', 'shortening']"
65,21,"['1 tsp.', 'salt']"
66,21,"['2 tsp.', 'soda']"
67,21,"['2 c.', 'flour']"
68,22,"['1 pkg.', ""devil's food cake mix""]"
69,22,"['1 pkg.', 'chocolate fudge pudding mix (instant)']"
70,22,"['8 oz.', 'sour cream,.75 c.', 'water,.5 c.', 'Wesson oil']"
71,22,"['6 oz.', 'chopped Frango mints']"
72,23,"['2 c.', '7-Up or Sprite']"
73,23,"['1 c.', 'vegetable oil']"
74,23,"['1 c.', 'Kikkoman soy sauce']"
75,24,"['1 c.', 'oil']"
76,24,"['1.5 c.', 'sugar,.5 c.', 'salt']"
77,24,"['1 tbsp.', 'sweet basil']"
78,24,"['2 tbsp.', 'oregano']"
79,24,"['1 tsp.', 'Italian seasoning']"
80,25,"['1.5 lb', 'ground beef']"
81,25,"['1 c.', 'tomato juice,.75 c.', 'oats (uncooked)']"
82,25,"['1.5 tsp.', 'salt']"
83,26,"['2 lb', 'round steak,.5 tsp.', 'ground black pepper']"
84,26,"['1 tsp.', 'ground white pepper,.5 c.', 'vegetable oil']"
85,26,"['1 c.', 'beef stock or water']"
86,26,"['2 tsp.', 'salt']"
87,26,"['1 tsp.', 'ground red pepper']"
88,27,"['2 lb', 'round steak.5 to.75-inch thick']"
89,27,"['2 tbsp.', 'cooking oil']"
90,27,"['1/3 c.', 'water']"
91,27,"['2 tbsp.', 'brown sugar']"
92,27,"['1 tbsp.', 'prepared mustard']"
93,27,"['1 tbsp.', 'Worcestershire sauce']"
94,28,"['1 (12 oz.) pkg.', 'semi-sweet chocolate chips']"
95,28,"['1 (1 oz.) sq', 'unsweetened chocolate (if desired)']"
96,28,"['1.5 c.', 'chopped nuts (if desired)']"
97,28,"['1 tsp.', 'vanilla']"
98,29,"['1 lb', 'Ground Beef']"
99,29,"['1 pkg.', 'taco seasoning']"
100,30,"['1 c.', 'milk']"
101,30,"['2 tbsp.', 'sugar']"
102,30,"['1 pkg.', 'dry yeast']"
103,30,"['1 tbsp.', 'salt']"
104,30,"['3 tbsp.', 'Crisco oil']"
105,30,"['2 c.', 'plain flour']"
106,31,"['1 qt.', 'fresh strawberries']"
107,31,"['1 lb', 'white grapes']"
108,31,"['1 lb', 'purple grapes']"
109,32,"['1 pkg.', 'chicken cutlets,.5 c.', 'oil']"
110,32,"['1/3 c.', 'red vinegar']"
111,32,"['2 tbsp.', 'oregano']"
112,32,"['2 tbsp.', 'garlic salt']"
113,33,"['1 c.', 'ground nuts']"
114,34,"['1 tsp.', 'salt']"
115,34,"['1/4 tsp.', 'pepper']"
116,34,"['2 c.', 'half and half']"
117,34,"['3 c.', 'potatoes']"
118,34,"['1 c.', 'Cheddar cheese']"
119,34,"['1/3 c.', 'green onions']"
120,36,"['1 c.', 'mayonnaise']"
121,36,"['1 c.', 'Parmesan cheese']"
122,37,"['16 oz.', 'sour cream']"
123,37,"['1 pkg.', 'dry vegetable soup mix']"
124,37,"['10 oz.', 'pkg.', 'frozen chopped broccoli']"
125,37,"['4 to 6 oz.', 'Cheddar cheese']"
126,38,"['1 lb', 'very thin spaghetti,.5 bottle McCormick Salad Supreme (seasoning)']"
127,39,"['16 oz.', 'can pear halves']"
128,39,"['3 oz.', 'pkg.', 'lime gelatin']"
129,39,"['8 oz.', 'pkg.', 'cream cheese']"
130,39,"['8 oz.', 'carton lemon yogurt']"
131,40,"['7 lb', 'watermelon rind']"
132,40,"['7 c.', 'sugar']"
133,40,"['2 c.', 'apple vinegar,.5 tsp.', 'oil of cloves,.5 tsp.', 'oil of cinnamon']"
134,41,"['3 lb', 'chicken']"
135,41,"['16 oz.', 'can creamed corn']"
136,41,"['16 oz.', 'can English peas']"
137,41,"['16 oz.', 'can field peas']"
138,41,"['16 oz.', 'can butter beans']"
139,41,"['16 oz.', 'can tomatoes']"
140,41,"['46 oz.', 'can tomato juice']"
141,41,"['1 tbsp.', 'black pepper']"
142,41,"['1 tbsp.', 'salt']"
143,41,"['1 tbsp.', 'sugar']"
144,42,"['3 tbsp.', 'softened butter or margarine,.5 c.', 'granulated sugar']"
145,42,"['1 c.', 'flour']"
146,42,"['1 1/4 tsp.', 'baking powder']"
147,42,"['1/4 tsp.', 'salt']"
148,42,"['1/3 c.', 'milk']"
149,42,"['1/4 tsp.', 'vanilla']"
150,42,"['1/3 c.', 'brown sugar']"
151,42,"['2 tbsp.', 'butter or margarine']"
152,43,"['5 c.', 'flour']"
153,43,"['3 tbsp.', 'sugar']"
154,43,"['4 tsp.', 'baking powder']"
155,43,"['1.5 pkg.', 'dry yeast']"
156,43,"['2 c.', 'buttermilk']"
157,43,"['1 tsp.', 'soda']"
158,43,"['1.5 sticks margarine,.5 c.', 'warm water']"
159,44,"['2 tbsp.', 'margarine']"
160,44,"['1/4 c.', 'crushed peppermint candy']"
161,45,"['1/4 c.', 'water']"
162,45,"['1/4 c.', 'brown sugar,.5 c.', 'soft butter']"
163,45,"['2 eggs,.5 c.', 'chopped nuts']"
164,46,"['1 c.', 'flour']"
165,46,"['1 c.', 'sugar,.5 c.', 'oleo']"
166,47,"['3 c.', 'self rising flour']"
167,47,"['1 - 12 oz.', 'can beer']"
168,47,"['1 tbsp.', 'sugar']"
169,48,"['1/8 tsp.', 'curry powder']"
170,48,"['1 pkg.', 'chopped broccoli']"
171,49,"['1.5 c.', 'sifted flour,.5 tsp.', 'baking powder,.5 tsp.', 'salt,.5 c.', 'butter,.667 c.', 'sugar']"
172,49,"['1 tsp.', 'vanilla']"
173,50,"['2 c.', 'water']"
174,50,"['1 tsp.', 'sugar']"
175,50,"['1 pkg.', 'Cup-a-Soup onion soup mix (dry)']"
176,50,"['1 lb', 'can stewed tomatoes']"
177,50,"['8 oz.', 'can tomato sauce']"
178,50,"['10 oz.', 'pkg.', 'frozen mixed vegetables']"
179,51,"['1 c.', 'milk']"
180,51,"['1 pkg.', 'corn tortilla in pieces']"
181,52,"['4 c.', 'shredded cabbage,.5 c.', 'shredded carrots']"
182,52,"['1/4 c.', 'finely chopped green pepper']"
183,52,"['2 tbsp.', 'finely chopped onion,.5 c.', 'mayonnaise']"
184,52,"['1 tbsp.', 'vinegar']"
185,52,"['2 tsp.', 'sugar']"
186,52,"['1 tsp.', 'celery seed']"
187,52,"['1/4 tsp.', 'salt']"
188,53,"['2 lb', 'flounder or pollack fillets']"
189,53,"['1.5 c.', 'chopped tomatoes,.5 c.', 'chopped green pepper']"
190,53,"['1/3 c.', 'lemon juice']"
191,53,"['1 tbsp.', 'salad oil']"
192,53,"['2 tsp.', 'salt']"
193,53,"['2 tsp.', 'minced onion']"
194,53,"['1 tsp.', 'basil leaves']"
195,53,"['1/4 tsp.', 'coarsely ground black pepper']"
196,54,"['1 c.', 'sugar,.5 c.', 'salad oil,.667 c.', 'vinegar']"
197,54,"['1/3 c.', 'water']"
198,55,"['16.5 oz.', 'can whole kernel corn']"
199,55,"['8 oz.', 'sour cream']"
200,55,"['8.5 oz.', 'pkg.', 'Jiffy corn bread mix']"
201,56,"['1 lb', 'ground beef']"
202,56,"['1/3 c.', 'chopped onion']"
203,56,"['2 c.', 'cooked wide noodles,.5 tsp.', 'oregano,.5 tsp.', 'salt']"
204,56,"['1/3 c.', 'water']"
205,56,"['1 c.', 'cheese']"
206,57,"['1 tsp.', 'dry mustard']"
207,58,"['1 tbsp.', 'Worcestershire sauce']"
208,58,"['1 tsp.', 'dry mustard']"
209,58,"['2 tbsp.', 'mayonnaise']"
210,59,"['16 oz.', 'pkg.', 'cream cheese']"
211,59,"['8 oz.', 'mild taco sauce']"
212,59,"['1 c.', 'Mozzarella cheese']"
213,59,"['1 c.', 'Cheddar cheese,.5 c.', 'black olives (optional)']"
214,60,"['2 c.', 'coconut,.5 c.', 'nut meats (optional)']"
215,61,"['1 lb', 'orange sliced candy']"
216,61,"['2 c.', 'chopped pecans']"
217,61,"['1 tsp.', 'vanilla']"
218,61,"['1 tsp.', 'orange flavoring']"
219,62,"['1 c.', 'chopped nuts']"
220,62,"['8 oz.', 'softened cream cheese']"
221,62,"['1 lb', 'powdered sugar']"
222,64,"['1 cut up chicken,.5 c.', 'melted butter or margarine']"
223,64,"['1.5 c.', 'uncooked rice']"
224,65,"['8 oz.', 'pkg.', 'cream cheese']"
225,65,"['1 can sweetened condensed milk,.5 c.', 'crushed pineapple']"
226,65,"['1/3 c.', 'chopped nuts']"
227,65,"['1/3 c.', 'lemon juice']"
228,66,"['8 oz.', 'Jell-O sugar-free vanilla or French vanilla pudding (put in dry)']"
229,66,"['8 oz.', 'Philadelphia light cream cheese']"
230,66,"['2 tbsp.', 'butter']"
231,66,"['2 tbsp.', 'peanut butter or more if you would like']"
232,67,"['1 to 1 .25 c.', 'sugar']"
233,67,"['1 .25 c.', 'sour cream (use light)']"
234,68,"['16 oz.', 'Cool Whip']"
235,68,"['2 pkg.', 'frozen strawberries *']"
236,68,"['1.75 c.', 'sugar']"
237,68,"['12 oz.', 'cream cheese']"
238,69,"['1.5 c.', 'graham cracker crumbs']"
239,69,"['1/4 c.', 'granulated sugar']"
240,70,"['2 c.', 'sifted flour']"
241,70,"['1.5 tsp.', 'baking soda']"
242,70,"['1/4 tsp.', 'salt,.5 c.', 'shortening']"
243,70,"['1.5 c.', 'sugar']"
244,70,"['1 tsp.', 'vanilla']"
245,70,"['1 c.', 'milk']"
246,71,"['2 c.', 'raisins']"
247,71,"['1 c.', 'brown sugar']"
248,71,"['1 c.', 'granulated sugar']"
249,71,"['2 tbsp.', 'shortening']"
250,71,"['2 c.', 'cold water']"
251,71,"['3 c.', 'flour']"
252,71,"['2 tsp.', 'soda']"
253,71,"['1 tsp.', 'cinnamon']"
254,71,"['1 tsp.', 'nutmeg']"
255,71,"['1 tsp.', 'cloves']"
256,71,"['1 tsp.', 'salt']"
257,71,"['1 c.', 'nuts']"
258,72,"['6 c.', 'diced potatoes,.5 c.', 'chopped onion,.75 c.', 'melted butter']"
259,72,"['8 oz.', 'sour cream']"
260,72,"['1 c.', 'grated Cheddar cheese']"
261,72,"['2 c.', 'crushed cornflakes']"
262,74,"['2.667 c.', 'sugar,.667 c.', 'white corn syrup (Karo),.667 c.', 'cold water']"
263,74,"['1 tsp.', 'vanilla']"
264,74,"['1 c.', 'chopped nuts']"
265,75,"['1 tsp.', 'cinnamon']"
266,75,"['1/4 c.', 'sugar']"
267,75,"['1 c.', 'flour']"
268,76,"['2 c.', 'Bisquick']"
269,76,"['1 lb', 'sausage']"
270,76,"['8 oz.', 'pkg.', 'Cheddar cheese']"
271,77,"['2 c.', 'rice']"
272,78,"['2 tbsp.', 'butter']"
273,78,"['1 lb', 'ground beef']"
274,78,"['2 tbsp.', 'vinegar']"
275,78,"['2 tbsp.', 'lemon juice']"
276,78,"['2 tbsp.', 'brown sugar']"
277,78,"['1.5 tbsp.', 'mustard']"
278,78,"['1 tsp.', 'salt']"
279,78,"['1.5 tsp.', 'pepper']"
280,78,"['1 c.', 'catsup']"
281,78,"['1 c.', 'water']"
282,79,"['27.5 oz.', 'cans chicken broth']"
283,79,"['1 tbsp.', 'cornstarch']"
284,79,"['2 tbsp.', 'sliced green onion']"
285,80,"['1 tsp.', 'allspice']"
286,80,"['1 tsp.', 'whole cloves']"
287,80,"['1 c.', 'brown sugar']"
288,81,"['1 tbsp.', 'sesame seed']"
289,81,"['2 tsp.', 'grated ginger']"
290,81,"['2 tbsp.', 'honey']"
291,81,"['2 tbsp.', 'reduced-sodium soy sauce']"
292,82,"['16 oz.', 'pkg.', 'fresh mushrooms']"
293,83,"['12 oz.', 'bag raw cranberries']"
294,83,"['1 c.', 'sugar']"
295,83,"['3 oz.', 'pkg.', 'orange gelatin,.5 c.', 'nuts (optional)']"
296,84,"['1 c.', 'raw rice']"
297,85,"['2 (3 oz.) pkg.', 'softened cream cheese']"
298,85,"['2 tbsp.', 'margarine']"
299,85,"['2 tbsp.', 'sugar']"
300,85,"['16 oz.', 'can whole berry cranberry sauce,.75 c.', 'crushed pineapple']"
301,85,"['1 c.', 'whipping cream']"
302,86,"['2 lb', 'Velveeta cheese']"
303,86,"['3 cloves garlic,.5 tsp.', 'salt']"
304,87,"['1 1/3 c.', 'flour']"
305,87,"['1 .25 tsp.', 'salt,.5 tsp.', 'soda']"
306,87,"['2 tbsp.', 'sugar,.75 tbsp.', 'baking powder']"
307,88,"['4 lb', 'confectioners sugar']"
308,88,"['1 c.', 'cocoa']"
309,88,"['1 c.', 'chopped nuts']"
310,88,"['1 lb', 'margarine (not whipped)']"
311,88,"['1 lb', 'Velveeta']"
312,88,"['1 tbsp.', 'vanilla']"
313,89,"['3 lb', 'squash']"
314,89,"['1 pt.', 'sour cream']"
315,89,"['1 pkg.', 'Pepperidge Farm stuffing mix']"
316,90,"['2 pkg.', 'cream cheese']"
317,90,"['2 c.', 'shredded Cheddar cheese (8 oz.)']"
318,90,"['1 tbsp.', 'chopped pimento']"
319,90,"['1 tbsp.', 'chopped green pepper']"
320,90,"['1 tbsp.', 'chopped onion']"
321,90,"['1 tsp.', 'lemon juice']"
322,90,"['2 tsp.', 'Worcestershire sauce']"
323,91,"['1 large pkg.', 'apricot jello,.667 c.', 'sugar']"
324,91,"['8 oz.', 'pkg.', 'cream cheese']"
325,91,"['20 oz.', 'can crushed pineapple ']"
326,92,"['3 c.', 'plain flour (cake flour may be substituted for plain flour)']"
327,92,"['3 c.', 'sugar,.5 tsp.', 'baking powder']"
328,92,"['2 sticks margarine,.5 c.', 'butter flavor Crisco']"
329,92,"['1 c.', 'sweet milk']"
330,92,"['1 to 2 tbsp.', 'flavoring (lemon']"
331,93,"['1 c.', 'brown sugar']"
332,93,"['2 tbsp.', 'milk']"
333,94,"['8 oz.', 'can crescent rolls']"
334,94,"['1.5 c.', 'grated medium or sharp cheese']"
335,94,"['1.5 c.', 'milk']"
336,95,"['1 diced onion,.5 c.', 'grated Cheddar cheese']"
337,96,"['3 (1 lb.) cans pork and beans,.5 c.', 'bell pepper']"
338,96,"['1/3 c.', 'brown sugar']"
339,96,"['1 tsp.', 'salt']"
340,96,"['1/3 tsp.', 'black pepper']"
341,96,"['1 lb', 'ground beef']"
342,96,"['1 tbsp.', 'oil']"
343,97,"['2 c.', 'diced cooked chicken']"
344,97,"['2 tbsp.', 'shortening,.5 c.', 'onion (large chunks)']"
345,97,"['2 c.', 'carrot chunks']"
346,97,"['1 .25 c.', 'water']"
347,97,"['2 tbsp.', 'cornstarch']"
348,97,"['2 tbsp.', 'vinegar']"
349,97,"['1 tbsp.', 'soy sauce']"
350,97,"['1 c.', 'green pepper (large chunks)']"
351,97,"['8 oz.', 'pineapple chunks']"
352,98,"['1 c.', 'moist coconut,.5 c.', 'pecans']"
353,98,"['1/4 c.', 'sugar']"
354,98,"['1 c.', 'orange juice']"
355,99,"['1 c.', 'creamy peanut butter']"
356,99,"['1 c.', 'sugar']"
357,100,"['1/3 c.', 'soft margarine']"
358,100,"['1 c.', 'pecans,.5 c.', ""Bits 'O Brickle""]"
359,101,"['1 c.', 'flour']"
360,101,"['1 tsp.', 'soda']"
361,101,"['1 tsp.', 'salt']"
362,101,"['1 tbsp.', 'sugar']"
363,101,"['3 tbsp.', 'margarine']"
364,101,"['1 c.', 'buttermilk']"
365,102,"['1/4 c.', 'butter']"
366,102,"['1/4 lb', 'mushrooms']"
367,102,"['1/4 c.', 'chopped onion']"
368,102,"['1 c.', 'diced']"
369,102,"['2 c.', 'Ricotta cheese']"
370,102,"['1 c.', 'shredded Monterey Jack']"
371,102,"['10 oz.', 'pkg.', 'frozen spinach']"
372,103,"['1 c.', 'red cabbage']"
373,103,"['2 tbsp.', 'butter']"
374,103,"['1 tbsp.', 'brown sugar']"
375,103,"['1 tbsp.', 'vinegar']"
376,104,"['4 lb', 'potatoes']"
377,104,"['3 tbsp.', 'flour']"
378,104,"['2 tsp.', 'salt']"
379,104,"['1/4 tsp.', 'pepper']"
380,104,"['1 c.', 'cider vinegar']"
381,104,"['1 c.', 'water']"
382,105,"['2 tbsp.', 'butter']"
383,105,"['1 lb', 'ground beef or turkey']"
384,105,"['3 c.', 'beef or chicken broth']"
385,105,"['1 c.', 'diced potatoes']"
386,105,"['1 c.', 'celery']"
387,105,"['1 c.', 'frozen green beans']"
388,105,"['1 c.', 'dry red wine,.5 tsp.', 'basil']"
389,106,"['1 (1 lb', '2 oz.) jar Tang']"
390,106,"['1 pkg.', 'lemonade Kool Aid with sugar added']"
391,106,"['2 c.', 'sugar']"
392,106,"['1 tsp.', 'ground cloves']"
393,106,"['2 tsp.', 'cinnamon,.5 c.', 'instant tea']"
394,107,"['1 lb', 'hamburg']"
395,108,"['1 c.', 'sugar']"
396,108,"['1.5 tsp.', 'vanilla']"
397,108,"['2.5 c.', 'flour']"
398,108,"['1 tsp.', 'baking powder,.5 tsp.', 'salt']"
399,109,"['1/4 c.', 'brandy']"
400,109,"['1/4 c.', 'Triple Sec.']"
401,110,"['1 lb', 'cooked']"
402,110,"['1 c.', 'onion']"
403,110,"['1 c.', 'kidney beans']"
404,110,"['1 c.', 'butter beans']"
405,110,"['1 c.', 'baked beans,.75 c.', 'ketchup']"
406,110,"['1 sm', 'can mild green chilies']"
407,110,"['1 tsp.', 'beef bouillon,.5 c.', 'water']"
408,110,"['2 tbsp.', 'honey,.667 c.', 'bell pepper']"
409,110,"['1 tsp.', 'Worcestershire sauce,.5 tsp.', 'garlic pwd']"
410,111,"['4 c.', 'quick cooking oats']"
411,111,"['2 c.', 'brown sugar']"
412,111,"['1 c.', 'salad oil']"
413,111,"['1 tsp.', 'almond extract']"
414,112,"[""1 can Campbell's cream of mushroom soup,.75 c"", 'water']"
415,112,"['1 c.', 'cashews or peanuts']"
416,112,"['1 c.', 'chopped celery,.5 c.', 'finely chopped onion,.5 c.', 'cooked peas']"
417,113,"['8 oz.', 'pkg.', 'cream cheese']"
418,113,"['1 tbsp.', 'pimiento']"
419,114,"['16 oz.', 'cream cheese,.667 can chopped black olives']"
420,115,"['3.5 c.', 'large shells (uncooked)']"
421,115,"['2 c.', 'cubed']"
422,115,"['2 c.', 'fresh']"
423,115,"['2 c.', 'fresh']"
424,115,"['1 c.', 'sliced carrots']"
425,115,"['1 c.', 'sliced green onions,.5 lb', 'fresh mushrooms']"
426,115,"['1 c.', '(8 oz.', 'bottle) reduced calorie creamy Italian salad dressing,.75 c.', 'skim milk']"
427,116,"['9 oz.', 'pkg.', 'frozen artichoke hearts']"
428,116,"['2 tbsp.', 'water']"
429,116,"['2 c.', 'fresh mushrooms']"
430,116,"['2 tbsp.', 'finely chopped green onion']"
431,116,"['1 tbsp.', 'margarine or butter']"
432,117,"['1 lb', 'ground chuck']"
433,117,"['1 tsp.', 'shortening']"
434,117,"['16 oz.', 'can tomatoes']"
435,117,"['8 oz.', 'can tomato sauce']"
436,117,"['2 tsp.', 'salt']"
437,117,"['2 tsp.', 'sugar']"
438,117,"['1 (5 oz.) pkg.', 'egg noodles']"
439,117,"['1 c.', 'sour cream']"
440,117,"['3 oz.', 'pkg.', 'cream cheese']"
441,117,"['1 c.', 'grated cheese']"
442,118,"['12.5 oz.', 'can chunk white chicken']"
443,118,"['2 c.', 'chopped celery']"
444,118,"['1 small pkg.', 'slivered almonds']"
445,118,"['1 c.', 'water chestnuts']"
446,118,"['1 c.', 'white grapes,.5 tsp.', 'salt']"
447,118,"['1/8 tsp.', 'pepper']"
448,118,"['1 tsp.', 'lemon juice']"
449,119,"['1.5 c.', 'sugar']"
450,119,"['1 tbsp.', 'meal']"
451,119,"['1 tbsp.', 'vinegar']"
452,119,"['1 tsp.', 'vanilla']"
453,120,"['1 lb', 'vermicelli']"
454,120,"['1 lb', 'fine chopped bell pepper']"
455,121,"['1/3 c.', 'white vinegar']"
456,121,"['1 tsp.', 'salt']"
457,121,"['3 tbsp.', 'sugar']"
458,122,"['13 oz.', 'can cooked chicken']"
459,122,"['10 oz.', 'can cream of mushroom soup']"
460,122,"['10 oz.', 'can cream of chicken soup']"
461,122,"['10 oz.', 'can Rotel tomatoes']"
462,122,"['1 to 2 c.', 'cheese of your choice']"
463,122,"['16 oz.', 'pkg.', 'spaghetti']"
464,122,"['1 tbsp.', 'steak seasoning']"
465,123,"['16 oz.', 'cream cheese']"
466,123,"['4 c.', 'shredded sharp cheese']"
467,123,"['1/3 c.', 'mayonnaise']"
468,123,"['1 tsp.', 'Worcestershire sauce']"
469,123,"['1/8 tsp.', 'garlic salt']"
470,123,"['1/8 tsp.', 'celery salt']"
471,123,"['1/8 tsp.', 'onion salt,.5 c.', 'chopped pimento']"
472,124,"['1 c.', 'miniature marshmallows,.5 container Cool Whip (small)']"
473,125,"['1 egg,.5 c.', 'milk']"
474,125,"['1.5 c.', 'flour,.5 c.', 'sugar']"
475,125,"['2 tsp.', 'baking powder,.5 tsp.', 'salt']"
476,125,"['1 c.', 'blueberries (optional)']"
477,126,"['1 c.', 'flour']"
478,126,"['1 large pkg.', 'cream cheese']"
479,126,"['1 large pkg.', 'Cool Whip']"
480,126,"['1 c.', 'powdered sugar']"
481,126,"['2 large pkg.', 'instant vanilla pudding']"
482,126,"['3 c.', 'milk']"
483,127,"['1 c.', 'water,.5 c.', 'butter']"
484,127,"['1 tsp.', 'sugar']"
485,127,"['1 c.', 'all-purpose flour']"
486,128,"['2 eggs,.5 tsp.', 'grated onion']"
487,129,"['2 lb', 'ground beef']"
488,129,"['1 pkg.', 'dry onion mix']"
489,129,"['1 (No', '3) can B & M beans']"
490,129,"['2 cans green baby lima beans,.5 c.', 'dark brown sugar,.5 c.', 'dark or light Karo syrup']"
491,129,"['1 tsp.', 'chili powder']"
492,129,"['1 c.', 'ketchup']"
493,129,"['1 tbsp.', 'dry mustard']"
494,130,"['46 oz.', 'apricot nectar']"
495,130,"['1 1/4 c.', 'sugar']"
496,130,"['7 tbsp.', 'cornstarch']"
497,130,"['1 c.', 'chopped walnuts']"
498,131,"['8 oz.', 'pkg.', 'cream cheese (at room temperature)']"
499,131,"['3 to 4 oz.', 'sliced almonds']"
500,133,"['1 c.', 'mayonnaise']"
501,133,"['1 c.', 'grated Parmesan or Romano cheese']"
502,134,"['2.5 lb', 'onions']"
503,134,"['1 qt.', ""beef stock (3 cans Campbell's beef stock)""]"
504,134,"['1 qt.', ""chicken stock (3 cans Campbell's chicken stock)""]"
505,134,"['2 tbsp.', 'Worcestershire sauce']"
506,134,"['1.5 tsp.', 'garlic salt']"
507,134,"['1 tsp.', 'black pepper (you may wish to use less)']"
508,135,"['1 c.', 'sugar']"
509,135,"['2 tbsp.', 'flour']"
510,135,"['1 tsp.', 'cinnamon']"
511,136,"['1 lb', 'hamburger']"
512,136,"['1 c.', 'ketchup']"
513,136,"['3 tbsp.', 'Worcestershire sauce']"
514,136,"['1 tbsp.', 'mustard']"
515,136,"['2 tbsp.', 'sugar']"
516,137,"['3 c.', 'flour']"
517,137,"['3 c.', 'sugar']"
518,137,"['3 tbsp.', 'lemon flavor,.75 c.', '7-Up']"
519,138,"['8 oz.', 'pkg.', 'cream cheese,.667 c.', 'mayonnaise']"
520,138,"['1 c.', 'chopped candied dill pickles']"
521,138,"['2 tbsp.', 'chopped onion,.5 tsp.', 'horseradish']"
522,138,"['1 tbsp.', 'Worcestershire sauce']"
523,138,"['2 tsp.', 'Nance mustard']"
524,138,"['3 tbsp.', 'pickle juice']"
525,139,"['2 c.', 'sugar,.5 c.', 'milk']"
526,139,"['3 tbsp.', 'cocoa']"
527,139,"['3 heaping tbsp.', 'flour']"
528,139,"['2 tbsp.', 'butter']"
529,139,"['1 tsp.', 'vanilla']"
530,139,"['1 c.', 'boiling water']"
531,140,"['32 oz.', 'bag Tater Tots']"
532,140,"['2 lb', 'ground beef']"
533,141,"['2.5 tbsp.', 'cornstarch']"
534,141,"['1 c.', 'water']"
535,141,"['3.5 tbsp.', 'blackberry flavored gelatin']"
536,141,"['4 c.', 'fresh blackberries']"
537,142,"['16 oz.', 'Cool Whip']"
538,142,"['2 c.', 'coconut,.75 margarine']"
539,142,"['1 c.', 'slivered almonds']"
540,142,"['8 oz.', 'cream cheese']"
541,143,"['1 c.', 'sour cream,.5 tbsp.', 'minced onion,.5 tbsp.', 'parsley flakes,.5 tbsp.', 'dill weed']"
542,144,"['1 tbsp.', 'oil']"
543,144,"['5 oz.', 'frozen broccoli,.5 stick margarine']"
544,144,"['1 pkg.', 'Jiffy cornbread mix']"
545,144,"['6 oz.', 'cottage cheese']"
546,145,"['1 c.', 'diced carrots']"
547,145,"['1 c.', 'small macaroni']"
548,145,"['1.5 lb', 'ground turkey or beef']"
549,145,"['14 oz.', 'can French green beans']"
550,145,"['1 tsp.', 'Italian seasoning']"
551,145,"['1 c.', 'sweet peas']"
552,146,"['1/4 c.', 'cocoa']"
553,146,"['2 c.', 'flour']"
554,146,"['2 c.', 'sugar']"
555,146,"['1 tsp.', 'baking soda']"
556,146,"['1 tsp.', 'vanilla']"
557,146,"['1 c.', 'water,.5 c.', 'buttermilk']"
558,147,"['1.5 c.', 'graham cracker crumbs']"
559,147,"['6 oz.', 'semi-sweet chocolate chips']"
560,147,"['1 c.', 'chopped nuts']"
561,148,"['1 c.', 'sugar']"
562,148,"['1 c.', 'packed brown sugar']"
563,148,"['1/3 c.', 'evaporated milk,.5 stick butter or margarine']"
564,148,"['1.5 c.', 'pecans']"
565,148,"['1.5 c.', 'coconut']"
566,149,"['1 small pkg.', 'chopped pecans (about.5 c.)']"
567,150,"['1 1/3 c.', 'white sugar']"
568,150,"['6 tbsp.', 'butter']"
569,150,"['6 tbsp.', 'milk,.5 c.', 'chocolate chips,.5 tsp.', 'vanilla']"
570,151,"['16 oz.', 'can pumpkin (not pumpkin mix)']"
571,151,"['1 tsp.', 'cinnamon,.5 tsp.', 'ginger,.5 tsp.', 'salt']"
572,152,"['1/4 c.', 'sugar']"
573,152,"['1/4 tsp.', 'ground nutmeg,.667 c.', 'orange juice']"
574,152,"['1/3 c.', 'half and half cream,.5 tsp.', 'vanilla']"
575,153,"['9 c.', 'Chex cereal']"
576,153,"['1 c.', 'chocolate chips']"
577,153,"['1.5 c.', 'powdered sugar,.5 c.', 'peanut butter']"
578,153,"['1/4 c.', 'margarine']"
579,153,"['1 tsp.', 'vanilla']"
580,154,"['16 oz.', 'can yellow hominy']"
581,154,"['32 oz.', 'cans tamales']"
582,154,"['2 c.', 'shredded mild Cheddar cheese']"
583,155,"['1 c.', 'sour cream']"
584,155,"['3 tbsp.', 'mayonnaise']"
585,155,"['1 pkg.', 'taco seasoning']"
586,155,"['1 c.', 'Mozzarella cheese']"
587,155,"['1 c.', 'cheddar cheese']"
588,156,"['4 c.', 'water or potato water']"
589,156,"['1 cake yeast or 3 pkg.', 'dry yeast']"
590,156,"['2 tbsp.', 'salt']"
591,156,"['1 c.', 'sugar or more']"
592,157,"['2 c.', 'chicken']"
593,157,"['3 c.', 'chicken broth']"
594,157,"['1 chopped onion,.75 c.', 'oleo']"
595,157,"['1.5 c.', 'milk']"
596,157,"['1.5 tsp.', 'baking powder']"
597,157,"['1.5 c.', 'self-rising flour']"
598,158,"['3 c.', 'chicken stock or vegetable stock']"
599,158,"['1 pkg.', '(10 oz.) frozen artichoke hearts']"
600,158,"['2 t', 'olive or canola oil']"
601,158,"['1 c.', 'arborio']"
602,158,"['4 oz.', 'spinach']"
603,158,"['3 T', 'grated parmesan cheese']"
604,159,"['1 tsp.', 'dried basil']"
605,159,"['1 tsp.', 'oregano']"
606,159,"['1 tsp.', 'thyme,.5 tsp.', 'marjoram,.5 tsp.', 'rosemary,.5 tsp.', 'salt']"
607,159,"['1 c.', 'dry red or white wine']"
608,160,"['1 c.', '+ 1 tbsp.', 'vegetable oil']"
609,160,"['1 pkg.', 'pistachio instant pudding mix']"
610,160,"['1 c.', 'ginger ale']"
611,160,"['3 eggs,.5 c.', 'chopped pecans']"
612,160,"['8 oz.', 'pkg.', 'cool whip,.75 c.', 'milk']"
613,160,"['1 pkg.', 'of pistachio instant pudding mix']"
614,161,"['2 c.', 'self-rising flour']"
615,161,"['1 c.', 'crushed walnuts']"
616,161,"['2 c.', 'sugar']"
617,161,"['2 tsp.', 'allspice']"
618,161,"['1 c.', 'oil']"
619,162,"['1 qt.', 'cranberry juice']"
620,162,"['1 qt.', 'ginger ale']"
621,162,"['1 c.', 'boiling water']"
622,162,"['6 oz.', 'frozen lemonade']"
623,162,"['3 c.', 'cold water']"
624,163,"['2 c.', 'sugar']"
625,163,"['2 c.', 'Milnot']"
626,164,"['2 c.', 'sugar']"
627,164,"['1 c.', 'Crisco oil']"
628,164,"['2.5 c.', 'self-rising flour,.5 c.', 'sweet milk']"
629,164,"['1 tsp.', 'vanilla flavor']"
630,164,"['1 tbsp.', 'butternut flavor']"
631,165,"['2 c.', 'all-purpose flour']"
632,165,"['1.5 c.', 'sugar']"
633,165,"['2 tsp.', 'baking soda']"
634,165,"['1 tsp.', 'ground cinnamon,.5 tsp.', 'salt']"
635,165,"['2 c.', 'grated carrots,.5 c.', 'raisins,.5 c.', 'coconut,.5 c.', 'chopped pecans']"
636,165,"['8 oz.', 'can crushed pineapple']"
637,165,"['1 c.', 'vegetable oil']"
638,165,"['2 tsp.', 'vanilla']"
639,166,"['1.75 c.', 'quick cooking long grain and wild rice or plain rice']"
640,166,"['10.75 oz.', 'can French onion soup (undiluted)']"
641,166,"['2.5 oz.', 'jar sliced mushrooms (undrained),.5 c.', 'water']"
642,166,"['2 tbsp.', 'melted butter or margarine']"
643,167,"['2 tbsp.', 'bacon drippings']"
644,167,"['1 tbsp.', 'flour']"
645,167,"['1 tsp.', 'salt']"
646,167,"['1 tsp.', 'sugar']"
647,167,"['16 oz.', 'can tomatoes']"
648,167,"['16 oz.', 'can green peas']"
649,168,"['1 c.', 'sugar']"
650,168,"['1.75 c.', 'flour,.75 tsp.', 'soda']"
651,168,"['1 .25 tsp.', 'cream of tartar']"
652,168,"['1 c.', 'chopped nuts (optional)']"
653,170,"['2 lb', 'bag hash browns']"
654,170,"['1 pt.', 'sour cream']"
655,170,"['10 oz.', 'or 2 c.', 'grated sharp Cheddar cheese']"
656,171,"['3 c.', 'flour']"
657,171,"['4.5 tsp.', 'baking powder']"
658,171,"['2 tbsp.', 'sugar,.5 tsp.', 'salt,.75 c.', 'cream of tartar,.75 c.', 'butter']"
659,171,"['1 c.', 'milk']"
660,172,"['1 lb', 'lean hamburger']"
661,172,"['1 pkg.', 'lasagne noodles (approximately 8 noodles)']"
662,173,"['4 lb', 'new potatoes (red skin)']"
663,174,"['2 c.', 'milk']"
664,174,"['1 tsp.', 'vanilla']"
665,174,"['1/4 c.', 'melted butter']"
666,174,"['1.75 c.', 'sugar,.5 c.', 'self-rising flour']"
667,174,"['1.5 c.', 'coconut']"
668,176,"['1 c.', 'sifted all-purpose flour']"
669,176,"['2 tsp.', 'baking powder,.5 tsp.', 'salt']"
670,176,"['2 tbsp.', 'sugar']"
671,176,"['1 c.', 'milk']"
672,176,"['3 tbsp.', 'butter or margarine']"
673,177,"['1 egg white,.667 c.', 'light brown sugar']"
674,177,"['1 tsp.', 'vanilla']"
675,177,"['4 c.', 'whole pecans']"
676,178,"['1 lb', 'ground beef']"
677,178,"['14 oz.', 'Pizza Quick sauce']"
678,178,"['2 c.', 'shredded Mozzarella cheese']"
679,178,"['1 jar sliced mushrooms,.75 c.', 'biscuit mix']"
680,178,"['1.5 c.', 'milk']"
681,179,"['1 (12 oz.) pkg.', '(2 c.) semi-sweet chocolate chips']"
682,179,"['14 oz.', 'can sweetened condensed milk']"
683,179,"['1 (8.5 oz.) pkg.', 'chocolate wafers']"
684,179,"['1 c.', 'chopped nuts']"
685,180,"['1 pkg.', 'frozen chopped broccoli,.5 c.', 'mushroom soup,.5 c.', 'mayonnaise']"
686,181,"['1 .25 c.', 'all-purpose flour']"
687,181,"['1.5 tsp.', 'baking powder,.5 tsp.', 'almond extract']"
688,181,"['1 c.', 'chopped nuts,.5 c.', 'chopped maraschino cherries']"
689,181,"['1 c.', 'sugar']"
690,181,"['1 tsp.', 'salt']"
691,181,"['1 c.', 'cut up dates or whole raisins']"
692,181,"['1 (6 oz.) pkg.', 'semi-sweet chocolate chips']"
693,182,"['1 lb', 'hamburger']"
694,182,"['2 tbsp.', 'oil']"
695,182,"['1 c.', 'cooked rice']"
696,182,"['1.5 c.', 'warm water']"
697,182,"['1/4 c.', 'soy sauce']"
698,182,"['1/4 tsp.', 'pepper']"
699,183,"['1 lb', 'butter (not margarine)']"
700,183,"['2 c.', 'granulated sugar,.5 c.', 'water,.5 c.', 'chopped almonds']"
701,184,"['1 lb', 'ground beef,.5 c.', 'rice']"
702,185,"['1 box yellow cake mix,.75 c.', 'water']"
703,185,"['1 small pkg.', 'instant lemon pudding,.5 c.', 'oil']"
704,186,"['1 egg,.5 tsp.', 'vanilla']"
705,186,"['1 1/4 c.', 'sifted flour,.75 tsp.', 'baking soda,.5 tsp.', 'salt']"
706,186,"['10 oz.', ""bag miniature Reese's peanut butter cups""]"
707,187,"['2 c.', 'milk,.5 tsp.', 'mustard,.5 tsp.', 'salt']"
708,187,"['1/8 tsp.', 'onion powder']"
709,187,"['2 c.', 'croutons (cheese)']"
710,187,"['1 c.', 'grated Velveeta']"
711,188,"['1 tsp.', 'cinnamon,.5 tsp.', 'ground cloves']"
712,188,"['1/4 tsp.', 'salt,.5 c.', 'chopped pecans']"
713,188,"['1 c.', 'brown sugar']"
714,188,"['1.75 c.', 'flour']"
715,188,"['1 tsp.', 'baking soda,.5 tsp.', 'ground nutmeg']"
716,188,"['1 c.', 'raisins']"
717,188,"['1 1/4 c.', 'applesauce']"
718,189,"['3 c.', 'flour']"
719,189,"['3 eggs,.5 c.', 'water']"
720,190,"['4 c.', 'sugar']"
721,190,"['4 sq', 'baking chocolate']"
722,190,"['9 oz.', 'bar milk chocolate']"
723,190,"['12 oz.', 'pkg.', 'semi-sweet chocolate']"
724,190,"['1 tbsp.', 'vanilla']"
725,190,"['2 c.', 'chopped nuts']"
726,191,"['1.5 c.', 'flour']"
727,191,"['1 c.', 'sugar,.5 tsp.', 'baking powder']"
728,191,"['6 oz.', 'chocolate chips']"
729,191,"['2 c.', 'chopped nuts']"
730,191,"['1 c.', 'candied cherries']"
731,192,"['2 tbsp.', 'confectioners sugar']"
732,192,"['1 tsp.', 'grated orange peel']"
733,193,"['1/4 c.', 'cocoa']"
734,193,"['1 c.', 'sugar']"
735,193,"['2 eggs,.5 c.', 'margarine at room temperature']"
736,193,"['1/8 tsp.', 'salt']"
737,193,"['1 tsp.', 'vanilla,.5 c.', 'chopped nuts']"
738,194,"['1 c.', 'water']"
739,194,"['1 c.', 'flour']"
740,194,"['3 pkg.', 'vanilla instant pudding']"
741,194,"['4 c.', 'milk']"
742,194,"['8 oz.', 'pkg.', 'cream cheese']"
743,194,"['12 oz.', 'Cool Whip']"
744,195,"['1 c.', 'nonfat plain yogurt,.5 c.', 'heavy cream']"
745,195,"['1 c.', 'mandarin juice']"
746,196,"['1 c.', 'cocoa']"
747,196,"['1 c.', 'butter']"
748,196,"['1.5 c.', 'milk']"
749,196,"['2 tbsp.', 'vanilla']"
750,196,"['5 c.', 'peanut butter']"
751,197,"['4 tsp.', 'olive oil,.5 tsp.', 'garlic powder']"
752,197,"['1 tsp.', 'dried thyme']"
753,197,"['1/4 tsp.', 'dried marjoram,.5 tsp.', 'paprika']"
754,197,"['3 tbsp.', 'grated Parmesan cheese']"
755,198,"['20 oz.', 'can pineapple chunks']"
756,198,"['2 c.', 'grapes']"
757,198,"['2 c.', 'miniature marshmallows']"
758,198,"['1 c.', 'sliced strawberries']"
759,198,"['3 c.', 'chopped apples']"
760,198,"['2 tsp.', 'lemon juice']"
761,198,"['2 tsp.', 'orange juice']"
762,198,"['1 tbsp.', 'cornstarch']"
763,199,"['1 qt.', 'strawberries,.75 c.', 'water']"
764,199,"['1 c.', 'sugar']"
765,199,"['3 tbsp.', 'cornstarch']"
766,199,"['1 tbsp.', 'butter']"
767,200,"['2 c.', 'sugar']"
768,200,"['2 c.', 'milk']"
769,200,"['2 tbsp.', 'cornstarch']"
770,200,"['2.5 tsp.', 'vanilla']"
771,201,"['4 to 5 c.', 'chicken broth']"
772,201,"['1 c.', 'chopped chicken']"
773,201,"['3 tbsp.', 'flour (self-rising)']"
774,201,"['2 tbsp.', 'water']"
775,202,"['4 lb', 'beef brisket']"
776,202,"['1 c.', 'catsup']"
777,202,"['1 c.', 'water,.5 onion']"
778,202,"['2 tbsp.', 'cider vinegar']"
779,202,"['1 tbsp.', 'prepared horseradish']"
780,202,"['1 tbsp.', 'prepared mustard']"
781,202,"['1 tsp.', 'salt,.5 tsp.', 'pepper']"
782,203,"['3 tbsp.', 'tapioca']"
783,203,"['1 c.', 'water,.5 c.', 'sugar']"
784,203,"['1.5 c.', 'water,6 oz.', 'can frozen orange juice']"
785,203,"['16 oz.', 'can peach slices']"
786,203,"['16 oz.', 'bag frozen whole strawberries']"
787,204,"['1 c.', 'corn meal']"
788,204,"['1 c.', 'flour']"
789,204,"['1 to 2 tbsp.', 'sugar,.5 tsp.', 'salt']"
790,204,"['2 tsp.', 'baking soda']"
791,204,"['1 c.', 'buttermilk']"
792,204,"['1/4 c.', 'bacon fat']"
793,205,"['5 lb', 'rolled pork roast,.5 c.', 'sherry']"
794,205,"['1 tbsp.', 'dry mustard']"
795,205,"['1 tsp.', 'thyme,.5 c.', 'soy sauce']"
796,205,"['1 tsp.', 'ginger']"
797,206,"['2 lb', 'pork tenderloin']"
798,206,"['1 tbsp.', 'oil']"
799,206,"['1 tbsp.', 'minced garlic.']"
800,206,"['4 c.', 'water']"
801,206,"['3 tsp.', 'cornstarch']"
802,207,"['1 pkg.', 'dry yeast']"
803,207,"['4 c.', 'self-rising flour']"
804,207,"['2 c.', 'lukewarm water']"
805,207,"['1/4 c.', 'sugar']"
806,208,"['3.5 c.', 'flour']"
807,208,"['3 tsp.', 'baking soda']"
808,208,"['1 c.', 'packed brown sugar']"
809,208,"['1 tbsp.', 'milk']"
810,208,"['2 tbsp.', 'vanilla']"
811,208,"['1 c.', 'cornflakes']"
812,208,"['1 (12 oz.) pkg.', 'chocolate pieces (semi-sweet)']"
813,208,"['1 tsp.', 'salt,.5 c.', 'butter']"
814,208,"['1 c.', 'granulated sugar']"
815,208,"['1 c.', 'vegetable oil']"
816,208,"['1 c.', 'quick oats']"
817,209,"['2 tbsp.', 'lemon juice or wine vinegar']"
818,209,"['1 tbsp.', 'honey']"
819,209,"['1 tbsp.', 'rosemary']"
820,209,"['2 tbsp.', 'water']"
821,209,"['1 tbsp.', 'flax seed']"
822,209,"['1 tsp.', 'parsley']"
823,210,"['8 oz.', 'pkg.', 'pecan pieces']"
824,210,"['1 pt.', 'Cool Whip']"
825,211,"['2.5 c.', 'milk']"
826,211,"['2 egg yolks,.667 c.', 'sugar']"
827,211,"['4 tbsp.', 'cornstarch']"
828,211,"['2 tsp.', 'vanilla']"
829,211,"['3 tbsp.', 'butter (room temperature)']"
830,212,"['2 tsp.', 'lemon juice']"
831,212,"['1 tsp.', 'salt']"
832,212,"['1/4 c.', 'crumbled Blue cheese']"
833,212,"['2 c.', 'sliced red or yellow onions']"
834,213,"['1.5 c.', 'graham cracker crumbs,.5 c.', 'butter']"
835,213,"['1/4 tsp.', 'cinnamon']"
836,213,"['1/4 c.', 'sugar']"
837,213,"['16 oz.', 'pkg.', 'cream cheese']"
838,213,"['1/3 c.', 'milk,.5 c.', 'sugar']"
839,213,"['4 tbsp.', 'lemon juice']"
840,214,"['1 c.', 'sugar,.667 c.', 'oil']"
841,214,"['1.5 c.', 'flour']"
842,214,"['1 tsp.', 'baking soda']"
843,214,"['1 tsp.', 'baking powder']"
844,214,"['1 tsp.', 'cinnamon']"
845,214,"['1 jar junior strained carrots (baby food),.5 c.', 'nuts']"
846,215,"['6 oz.', 'can frozen lemonade concentrate']"
847,215,"['6 c.', 'water,.5 ??? grenadine syrup']"
848,215,"['1 qt.', 'ginger ale']"
849,216,"['1/3 c.', 'plus 2 level tbsp.', 'mayonnaise,.5 roll Ritz crackers']"
850,217,"['1 lb', 'ground beef']"
851,217,"['8 oz.', 'pkg.', 'crescent rolls']"
852,217,"['1/8 c.', 'chopped onion']"
853,217,"['1 tsp.', 'Worcestershire sauce']"
854,217,"['1 tsp.', 'lemon juice,.5 tsp.', 'paprika']"
855,217,"['1/4 tsp.', 'garlic powder,.5 tsp.', 'salt']"
856,217,"['1/8 tsp.', 'pepper']"
857,217,"['2 c.', 'shredded cheese']"
858,218,"['2 c.', 'sugar']"
859,218,"['2 c.', 'flour']"
860,218,"['2 c.', 'pumpkin,.5 tsp.', 'salt']"
861,218,"['2 tsp.', 'cinnamon']"
862,218,"['1 tsp.', 'nutmeg']"
863,218,"['2 tsp.', 'soda']"
864,218,"['1 c.', 'oil']"
865,218,"['2 tsp.', 'baking powder']"
866,218,"['1 c.', 'chopped walnuts']"
867,219,"['1.5 lb', 'sharp Cheddar cheese']"
868,219,"['2 c.', 'plus 2 tbsp.', 'flour']"
869,219,"['1.5 tsp.', 'salt']"
870,219,"['1.5 tsp.', 'paprika']"
871,220,"['1 lb', 'American cheese (shredded)']"
872,221,"['1 c.', 'flour']"
873,221,"['1 stick butter or oleo,.5 c.', 'chopped pecans (optional)']"
874,221,"['1 tbsp.', 'sugar']"
875,221,"['8 oz.', 'pkg.', 'cream cheese']"
876,221,"['1 c.', 'powdered sugar']"
877,221,"['2 pkg.', 'instant pudding']"
878,221,"['3 c.', 'milk']"
879,222,"['1 lb', 'ground beef']"
880,222,"['12 oz.', 'can pet milk (can use fat free)']"
881,223,"['2 c.', 'flour']"
882,223,"['1 tsp.', 'baking soda,.5 tsp.', 'salt,.5 c.', 'butter or margarine']"
883,223,"['1 c.', 'sugar']"
884,223,"['1 tsp.', 'vanilla']"
885,223,"['1 c.', 'sour cream,.5 c.', 'sugar']"
886,223,"['1 tsp.', 'cinnamon,.5 c.', 'chopped nuts']"
887,223,"['1 1/4 c.', 'apples']"
888,224,"['1.5 c.', 'sugar,.5 c.', 'margarine,.5 c.', 'vegetable shortening']"
889,224,"['2 tsp.', 'cinnamon']"
890,224,"['2.75 c.', 'flour']"
891,224,"['2 tsp.', 'cream of tartar']"
892,224,"['1 tsp.', 'baking soda']"
893,224,"['1/4 tsp.', 'salt']"
894,224,"['2 tsp.', 'sugar']"
895,225,"['1 lb', 'spaghetti']"
896,226,"['1 lb', 'ground meat']"
897,226,"['1 tsp.', 'chili powder,.5 tsp.', 'allspice']"
898,226,"['1 tsp.', 'salt']"
899,226,"['1 tsp.', 'chili powder']"
900,227,"['1 c.', 'sour cream']"
901,227,"['10 oz.', 'pkg.', 'frozen chopped broccoli']"
902,228,"['1 egg,.667 c.', 'water']"
903,228,"['1 tbsp.', 'vegetable oil']"
904,228,"['1 tsp.', 'lemon juice']"
905,228,"['1 c.', 'all-purpose flour']"
906,228,"['1.5 tsp.', 'baking powder']"
907,228,"['1 to 1 .25 tsp.', 'salt']"
908,229,"['1 c.', 'White Lily Self Rising Flour']"
909,229,"['1/3 c.', 'mayonnaise,.5 c.', 'sweet milk']"
910,230,"['1 c.', 'cracker crumbs']"
911,230,"['1.5 lb', 'ground chuck']"
912,230,"['4 tbsp.', 'finely chopped onion']"
913,230,"['1.5 tsp.', 'salt or to taste']"
914,230,"['1 tsp.', 'dry mustard']"
915,230,"['1 tbsp.', 'ketchup']"
916,230,"['1 c.', 'grated American cheese']"
917,231,"['8 oz.', 'semi-sweet chocolate,.667 c.', 'sweetened condensed milk']"
918,231,"['1 tsp.', 'vanilla']"
919,231,"['1/8 tsp.', 'salt']"
920,231,"['1 c.', 'chopped nuts']"
921,232,"['2 tbsp.', 'margarine']"
922,232,"['1 lb', 'ground beef']"
923,232,"['1 pkg.', 'onion soup mix,.5 c.', 'water']"
924,232,"['1 c.', 'catsup']"
925,232,"['2 tbsp.', 'prepared mustard']"
926,232,"['2 tsp.', 'vinegar']"
927,232,"['1 lb', 'can kidney beans']"
928,233,"['1 c.', 'brown sugar']"
929,233,"['1 c.', 'flour']"
930,233,"['1/3 c.', 'shortening']"
931,233,"['1 tsp.', 'baking soda,.5 tsp.', 'baking powder,.5 c.', 'sour milk (add 1 tbsp.', 'vinegar or lemon juice to sour 1 c.', 'milk)']"
932,234,"['2 c.', 'biscuit mix']"
933,234,"['1.5 tbsp.', 'sugar']"
934,234,"['6 oz.', 'warm beer']"
935,235,"['1 c.', 'chopped onion']"
936,235,"['1 c.', 'chopped green pepper']"
937,235,"['1 tbsp.', 'butter']"
938,235,"['2.25 oz.', 'can sliced ripe olives']"
939,235,"['2 tsp.', 'dried oregano']"
940,235,"['1 lb', 'ground beef']"
941,235,"['12 oz.', 'spaghetti']"
942,235,"['16 oz.', 'shredded Cheddar cheese']"
943,235,"['10.75 oz.', 'can condensed cream of mushroom soup (undiluted)']"
944,236,"['5 cooking apples,.5 c.', 'granulated sugar,.5 c.', 'brown sugar']"
945,236,"['1.5 c.', 'water']"
946,236,"['1 tsp.', 'apple pie spice']"
947,236,"['1 tsp.', 'vanilla']"
948,237,"['2 c.', 'hot water']"
949,237,"['1 10 oz.', 'frozen strawberries or 2 c.', 'fresh']"
950,238,"['8 oz.', 'cream cheese']"
951,238,"['1 tsp.', 'vanilla']"
952,239,"['1 lb', 'can cream-style corn']"
953,239,"['1 tbsp.', 'butter']"
954,239,"['1 tbsp.', 'flour']"
955,239,"['3 tbsp.', 'sugar']"
956,239,"['1 c.', 'scalded milk']"
957,239,"['1 tsp.', 'salt']"
958,239,"['1/8 tsp.', 'pepper']"
959,240,"['1 c.', 'strong black coffee']"
960,240,"['2 tsp.', 'baking powder']"
961,240,"['3 tbsp.', 'soft margarine']"
962,240,"['1 tsp.', 'baking soda']"
963,240,"['4 c.', 'flour']"
964,240,"['1 tsp.', 'cinnamon']"
965,241,"['12 oz.', 'can tomato paste']"
966,241,"['1 qt.', 'water']"
967,241,"['5 tsp.', 'chili powder']"
968,241,"['1 lb', 'lean ground beef,.5 c.', 'chopped green onions']"
969,241,"['2 c.', 'shredded Monterey Jack cheese']"
970,241,"['1 doz.', 'corn tortillas']"
971,242,"['12 oz.', 'tomato juice']"
972,242,"['2 tbsp.', 'bell pepper']"
973,242,"['2 tbsp.', 'dehydrated onions']"
974,243,"['1 c.', 'sugar']"
975,243,"['6 tbsp.', 'flour']"
976,243,"['2 c.', 'grated Cheddar cheese']"
977,243,"['1.5 c.', 'crushed Ritz crackers']"
978,243,"['31 oz.', 'can pineapple chunks']"
979,244,"['2 lb', 'chicken']"
980,244,"['3 c.', 'water']"
981,244,"['1.5 tsp.', 'salt']"
982,244,"['10 oz.', 'box frozen limas']"
983,244,"['1 c.', 'frozen or 1 can corn']"
984,245,"['16 oz.', 'pkg.', 'cream cheese']"
985,245,"['2 tbsp.', 'mayonnaise']"
986,245,"['1 tsp.', 'lemon juice']"
987,245,"['6 oz.', 'pkg.', 'smoked deli beef']"
988,246,"['2 lb', 'carrots']"
989,246,"['10 oz.', 'can tomato soup']"
990,246,"['1 c.', 'sugar,.5 c.', 'salad oil,.75 c.', 'vinegar']"
991,247,"['2 c.', 'sugar']"
992,247,"['1 c.', 'shortening']"
993,247,"['1 tsp.', 'salt']"
994,247,"['2 tsp.', 'baking powder']"
995,247,"['2 tsp.', 'vanilla']"
996,247,"['3 c.', 'flour,.667 c.', 'milk']"
997,247,"['3 c.', 'floured blueberries']"
998,248,"['6 c.', 'sliced yellow squash']"
999,248,"['1 c.', 'finely chopped onion']"
1000,248,"['8 oz.', 'sour cream']"
1001,248,"['8 oz.', 'pkg.', 'stuffing mix']"
1002,250,"['4 c.', 'sifted flour']"
1003,250,"['1.5 c.', 'shortening']"
1004,250,"['1 egg,.5 c.', 'ice cold water']"
1005,250,"['1 tbsp.', 'vinegar']"
1006,250,"['1 tsp.', 'sugar,.5 tsp.', 'salt']"
